0	Impact d'un dÃ©faut de positionnement de piÃ¨ces mÃ©caniques
1	Quelle est la date limite pour soumettre les observations et rponses concernant l'actualisation du rfrentiel de sret?
2	maintenance DAB CNPE mesures
3	irr\u00e9gularit\u00e9s dans le contr\u00f4le technique des DAB
4	Quels sont les objectifs principaux de l'inspection des installations nucléaires ?
5	formation des op rateurs dans l'industrie nucl aire
6	les inspecteurs ont-ils identifi des probl        mes suite         l' v nement?
7	Pro extbackslash u00e9dure de contr extbackslash u00f4le  extbackslash u00e0 froid des DAB
8	références légales contrôle installations nucléaires
9	Quels sont les probl\u00e8mes relatifs \u00e0 la tra\u00e7abilit\u00e9 du contr\u00f4le technique des DAB ?
10	verification representativite controle a chaud tuyauteries
11	Qu'est-ce que la securite logicielle d'arret de la machine ?
12	Auteur et poste de la personne ayant sign le document de l'ASN
13	Redondance securite logicielle detection physique
14	Rep&egrave;res physiques pour prise de cote DAB
15	Pourquoi les differences de comportement des DAB n'ont-elles pas ete analysees?
16	Quelles sont les recommandations faites suite Ã  l'analyse de l'Ã©vÃ©nement Ã©voquÃ© dans le document?
17	Qu'est-ce que la maintenance des DAB implique pour le CNPE ?
18	Analyse des comportements en temperature des DAB
19	A quel article de loi fait reference le controle des installations nucleaires de base ?
20	contrles ASN des dispositifs d'arrat borite
21	A quel moment doit-on proceder au recontrole des DAB apres le changement des generateurs de vapeur ?
22	Qu'est-ce qu'une activit extbackslash u00e9 par campagne sur plusieurs DAB ?
23	Quels sont les probl\u00e8mes identifi\u00e9s lors de l'inspection des dispositifs d'arr\u00eat bor e (DAB) chez EDF ?
24	A quelle temperature a ete realisee la tuyauterie lors du controle a froid du 31 mai 2022 ?
25	Quelles mises &agrave; jour de proc&eacute;dure l'ASN doit-elle recevoir concernant la mesure sur les DAB ?
26	Documentation requise pour la surveillance des activites des DAB selon l'arrete
27	Pourquoi est-il essentiel d'avoir une trace de la surveillance pendant la realisation d'une activite?
28	Details evenement significatif MELOX juin 2011
29	Rapport sur les lacunes de la surveillance des activites sensibles par l'ASN
